run_name,dataset,model_type,readout_type,max_iters,num_layers,extension,loss,iou,acc,loss_foreground,iou_foreground,acc_foreground
ccn8/mnist/cornn_model2/1/mean_time_100iters/,mnist,cornn_model2,mean_time,100,16,1,0.1557925240039825,0.563151501941681,0.9421676294326782,1.1625353942871093,0.4598176063537598,0.5719262538909912
ccn8/mnist/cornn_model2/1/max_time_100iters/,mnist,cornn_model2,max_time,100,16,2,0.2038411113739013,0.4149796379566192,0.9198265949249268,1.5326330068588256,0.3070000945091247,0.416622573852539
ccn11/mnist/baseline1_flexible/1/16layers_100iters/,mnist,baseline1_flexible,linear,100,16,1,0.6949297943115235,0.0,0.8673762478828431,4.340753768920899,0.0,0.0
ccn8/mnist/conv_recurrent2/1/linear_lstm_20iters/,mnist,conv_recurrent2,linear,20,16,1,0.04484151469171047,0.8667663354873657,0.985048146724701,0.3319110691547394,0.833324802494049,0.8917277519226074
